Series Description,Total reserve balances maintained; not seasonally adjusted,"Reserves of depository institutions, total; not seasonally adjusted","Reserves of depository institutions, required; not seasonally adjusted","Vault cash, total; not seasonally adjusted",Monetary base; total; not seasonally adjusted,Monetary base; total balances maintained; not seasonally adjusted,Monetary base; currency in circulation; not seasonally adjusted,Total borrowings from the Federal Reserve; not seasonally adjusted,"Borrowings from the Federal Reserve, seasonal; not seasonally adjusted","Reserves of depository institutions, nonborrowed; not seasonally adjusted"
1959-01,18889,18889,18392,2242,50463,18886,31573,552,0,18338
1959-02,18570,18570,18117,2079,49805,18576,31234,505,0,18065
1959-03,18431,18431,17971,2061,49733,18432,31301,599,0,17832
1959-04,18678,18678,18246,2082,50058,18678,31379,692,0,17986
1959-05,18552,18552,18131,2089,50112,18553,31559,741,0,17811
1959-06,18454,18454,18048,2168,50337,18455,31882,930,0,17525
1959-07,18683,18683,18267,2151,50802,18683,32119,961,0,17721
1959-08,18591,18591,18144,2155,50661,18592,32069,990,0,17601
1959-09,18622,18622,18180,2202,50722,18623,32099,927,0,17696
1959-10,18607,18607,18166,2172,50660,18608,32053,907,0,17700
1959-11,18612,18621,18177,2222,50877,18613,32264,859,0,17763
1959-12,18660,18956,18450,2408,51504,18661,32843,941,0,18015
1960-01,18537,18847,18333,2366,50661,18537,32123,887,0,17960
1960-02,17947,18213,17759,2205,49609,17948,31661,810,0,17403
1960-03,17776,18032,17609,2168,49482,17776,31706,641,0,17391
1960-04,17864,18124,17698,2188,49656,17864,31792,606,0,17518
1960-05,17938,18215,17770,2205,49734,17939,31795,496,0,17719
1960-06,18014,18307,17828,2246,50015,18015,32000,434,0,17873
1960-07,18204,18513,18013,2276,50455,18205,32250,379,0,18135
1960-08,18110,18500,17957,2275,50279,18110,32168,296,0,18204
1960-09,17688,18560,17933,2296,49920,17688,32232,215,0,18345
1960-10,17872,18762,18099,2329,50130,17873,32257,167,0,18595
1960-11,17717,18984,18242,2384,50251,17718,32533,133,0,18851
1960-12,16680,19262,18518,2581,49763,16681,33082,74,0,19188
1961-01,16718,19337,18565,2619,49103,16719,32384,66,0,19272
1961-02,16523,18961,18312,2438,48441,16523,31918,133,0,18828
1961-03,16445,18811,18265,2366,48362,16446,31916,70,0,18741
1961-04,16460,18884,18268,2424,48455,16460,31994,57,0,18827
1961-05,16419,18858,18302,2439,48494,16419,32075,95,0,18763
1961-06,16551,19021,18431,2469,48875,16552,32323,63,0,18958
1961-07,16557,19102,18486,2545,49216,16557,32658,54,0,19048
1961-08,16690,19195,18616,2506,49334,16691,32644,65,0,19130
1961-09,16804,19361,18781,2557,49599,16804,32794,38,0,19323
1961-10,17093,19687,19155,2594,50032,17094,32938,71,0,19617
1961-11,17172,19808,19217,2636,50484,17173,33311,98,0,19710
1961-12,17267,20131,19547,2864,51281,17268,34013,133,0,19998
1962-01,17192,20095,19473,2904,50603,17192,33411,87,0,20009
1962-02,16917,19571,19069,2654,49841,16917,32924,68,0,19503
1962-03,16951,19549,19077,2598,50024,16952,33072,89,0,19460
1962-04,17057,19716,19224,2658,50365,17058,33307,72,0,19644
1962-05,17149,19829,19312,2680,50543,17149,33393,61,0,19768
1962-06,17204,19923,19450,2719,50908,17205,33703,102,0,19821
1962-07,17257,20053,19519,2796,51314,17258,34056,92,0,19962
1962-08,17138,19883,19353,2745,51175,17139,34037,125,0,19759
1962-09,17236,20067,19577,2831,51322,17236,34086,81,0,19986
1962-10,17372,20198,19721,2826,51552,17373,34179,63,0,20136
1962-11,16702,19570,19013,2868,51344,16703,34641,120,0,19449
1962-12,16917,20054,19482,3137,52257,16918,35339,260,0,19794
1963-01,16937,20042,19537,3105,51635,16937,34698,146,0,19896
1963-02,16712,19568,19107,2856,51013,16713,34301,166,0,19403
1963-03,16701,19522,19088,2821,51206,16702,34505,148,0,19374
1963-04,16696,19607,19151,2911,51489,16697,34792,130,0,19478
1963-05,16760,19649,19219,2889,51702,16760,34941,210,0,19439
1963-06,16825,19770,19353,2945,52195,16826,35369,259,0,19511
1963-07,16952,19988,19533,3035,52768,16953,35814,298,0,19690
1963-08,16730,19705,19260,2976,52600,16730,35870,329,0,19376
1963-09,16887,19967,19539,3080,52910,16888,36022,319,0,19649
1963-10,16930,19989,19592,3059,53117,16931,36186,320,0,19669
1963-11,17037,20147,19706,3110,53775,17038,36737,349,0,19798
1963-12,17251,20702,20211,3451,54913,17252,37661,332,0,20369
1964-01,17285,20679,20239,3395,54238,17285,36952,274,0,20405
1964-02,17009,20150,19752,3140,53472,17010,36462,286,0,19864
1964-03,17151,20242,19856,3091,53830,17152,36678,278,0,19964
1964-04,17092,20255,19902,3162,54052,17093,36959,211,0,20043
1964-05,17096,20242,19888,3146,54273,17097,37176,260,0,19982
1964-06,17336,20545,20170,3209,54940,17337,37603,268,0,20277
1964-07,17417,20639,20264,3222,55426,17418,38008,263,0,20376
1964-08,17320,20579,20158,3259,55427,17321,38106,315,0,20264
1964-09,17593,20925,20494,3332,55887,17594,38293,345,0,20580
1964-10,17725,21023,20625,3299,56162,17726,38436,321,0,20702
1964-11,17801,21181,20774,3380,56786,17802,38984,400,0,20781
1964-12,17979,21596,21190,3617,57737,17980,39757,264,0,21332
1965-01,18007,21632,21217,3625,57138,18008,39130,300,0,21332
1965-02,17793,21201,20789,3408,56508,17793,38715,405,0,20796
1965-03,17848,21263,20898,3415,56696,17849,38847,411,0,20852
1965-04,18067,21497,21155,3430,57089,18068,39021,471,0,21025
1965-05,18043,21476,21142,3433,57165,18044,39121,495,0,20981
1965-06,18197,21720,21358,3523,57761,18197,39564,537,0,21183
1965-07,18329,21873,21521,3544,58407,18330,40078,528,0,21345
1965-08,18015,21581,21185,3566,58192,18016,40176,547,0,21034
1965-09,18160,21759,21349,3599,58574,18161,40413,554,0,21205
1965-10,18332,21984,21625,3651,59137,18333,40804,488,0,21496
1965-11,18201,21940,21588,3739,59614,18202,41413,432,0,21508
1965-12,18757,22694,22270,3936,61022,18758,42264,444,0,22250
1966-01,18813,22777,22398,3964,60520,18813,41706,420,0,22357
1966-02,18454,22205,21858,3750,59751,18455,41296,482,0,21723
1966-03,18468,22186,21844,3718,59933,18468,41464,560,0,21625
1966-04,18765,22529,22174,3764,60510,18765,41745,637,0,21892
1966-05,18708,22462,22121,3754,60631,18709,41923,687,0,21774
1966-06,18745,22562,22206,3818,61102,18745,42357,707,0,21855
1966-07,19170,23062,22684,3893,62064,19170,42894,741,0,22321
1966-08,18779,22678,22310,3899,61734,18780,42954,735,0,21943
1966-09,19286,23222,22851,3935,62359,19287,43072,769,0,22453
1966-10,19409,23373,23041,3965,62603,19409,43194,734,0,22639
1966-11,19207,23226,22841,4019,62993,19208,43785,607,0,22618
1966-12,19550,23785,23446,4235,64185,19551,44634,532,0,23252
1967-01,19762,24101,23698,4340,63850,19763,44087,410,0,23692
1967-02,19686,23720,23351,4034,63282,19687,43595,364,0,23357
1967-03,19419,23375,22961,3956,63166,19420,43746,200,0,23175
1967-04,19384,23411,23061,4027,63274,19384,43889,146,0,23265
1967-05,19246,23272,22908,4026,63382,19247,44135,89,0,23183
1967-06,19368,23456,23104,4088,64005,19369,44636,106,0,23351
1967-07,19745,23972,23554,4226,64821,19746,45074,115,0,23857
1967-08,19609,23764,23398,4155,64699,19610,45090,81,0,23683
1967-09,19957,24182,23839,4224,65225,19958,45267,89,0,24093
1967-10,20429,24666,24330,4236,65894,20430,45464,129,0,24537
1967-11,20445,24689,24331,4245,66453,20445,46007,132,0,24558
1967-12,20770,25291,24916,4521,67818,20771,47047,228,0,25064
1968-01,21177,25835,25448,4657,67698,21178,46520,246,0,25589
1968-02,21283,25598,25211,4315,67213,21283,45930,373,0,25225
1968-03,21315,25563,25226,4248,67521,21316,46206,659,0,24904
1968-04,21243,25623,25287,4380,67953,21244,46709,685,0,24938
1968-05,21148,25440,25080,4291,68077,21149,46928,741,0,24699
1968-06,21302,25684,25356,4382,68874,21303,47571,694,0,24990
1968-07,21556,26049,25698,4492,69700,21557,48143,527,0,25521
1968-08,21627,26019,25690,4392,69887,21627,48260,565,0,25454
1968-09,21502,26054,25692,4551,70048,21503,48545,504,0,25550
1968-10,22125,26638,26392,4512,70830,22126,48704,443,0,26195
1968-11,22246,26769,26461,4523,71727,22247,49481,545,0,26224
1968-12,22455,27192,26766,4737,73139,22456,50683,746,0,26446
1969-01,23000,28075,27828,5075,72865,23001,49864,736,0,27339
1969-02,22669,27314,27061,4645,71978,22670,49308,835,0,26479
1969-03,22246,26753,26534,4507,71768,22247,49521,902,0,25851
1969-04,22591,27088,26922,4497,72361,22592,49769,1003,0,26085
1969-05,23325,27856,27601,4531,73358,23326,50032,1374,0,26482
1969-06,22723,27273,26969,4550,73509,22724,50785,1385,0,25888
1969-07,22410,27081,26856,4671,73725,22411,51315,1252,0,25829
1969-08,22361,27008,26771,4647,73773,22361,51412,1219,0,25789
1969-09,22268,27002,26728,4733,73780,22269,51510,1079,0,25922
1969-10,22673,27353,27190,4680,74436,22674,51762,1150,0,26203
1969-11,23017,27744,27515,4727,75569,23018,52551,1203,0,26541
1969-12,23094,28053,27767,4959,76752,23095,53658,1119,0,26934
1970-01,23577,28854,28680,5277,76398,23578,52820,959,0,27894
1970-02,23047,27910,27702,4863,75237,23048,52189,1080,0,26830
1970-03,22785,27517,27355,4732,75276,22786,52491,898,0,26619
1970-04,23350,28123,27971,4772,76294,23351,52943,845,0,27277
1970-05,23071,27876,27719,4805,76649,23072,53577,968,0,26909
1970-06,22699,27563,27373,4864,76900,22700,54200,881,0,26682
1970-07,23188,28145,27979,4957,77960,23189,54771,1360,0,26785
1970-08,23376,28372,28198,4995,78227,23377,54850,837,0,27534
1970-09,23685,28790,28546,5105,78684,23686,54998,600,0,28190
1970-10,23540,28647,28442,5108,78691,23540,55151,463,0,28185
1970-11,23525,28667,28433,5142,79468,23526,55942,415,0,28252
1970-12,23907,29246,28998,5340,80987,23907,57079,332,0,28914
1971-01,24890,30439,30205,5549,81170,24890,56280,364,0,30074
1971-02,24730,29900,29645,5169,80565,24731,55834,332,0,29568
1971-03,24595,29680,29485,5085,80788,24596,56191,319,0,29362
1971-04,24840,29910,29742,5069,81641,24841,56800,153,0,29756
1971-05,25160,30327,30107,5167,82405,25160,57244,284,0,30043
1971-06,24864,30094,29892,5230,82894,24864,58030,492,0,29601
1971-07,25251,30566,30381,5315,84184,25251,58932,823,0,29743
1971-08,25096,30452,30256,5356,84079,25097,58982,809,0,29643
1971-09,25347,30783,30594,5436,84431,25348,59083,495,0,30288
1971-10,25416,30812,30650,5397,84692,25416,59275,357,0,30455
1971-11,25475,30927,30690,5452,85491,25476,60015,384,0,30543
1971-12,25670,31345,31163,5675,86798,25671,61127,126,0,31219
1972-01,26981,32890,32684,5910,87220,26981,60238,21,0,32869
1972-02,26396,31943,31791,5547,86081,26397,59684,33,0,31911
1972-03,26515,31880,31690,5365,86656,26516,60140,98,0,31782
1972-04,27159,32580,32424,5422,87888,27160,60728,117,0,32463
1972-05,27379,32843,32704,5465,88543,27379,61163,111,0,32732
1972-06,27005,32541,32338,5536,88896,27006,61890,100,0,32441
1972-07,27405,33064,32871,5659,90075,27405,62669,238,0,32826
1972-08,27385,33079,32891,5695,90098,27385,62713,388,0,32691
1972-09,27271,33050,32838,5779,90193,27272,62921,541,0,32508
1972-10,28050,33764,33553,5715,91423,28050,63373,555,0,33209
1972-11,26000,31812,31458,5812,90531,26001,64530,608,0,31204
1972-12,25317,31415,31131,6098,91381,25318,66063,1050,0,30365
1973-01,26396,32859,32601,6463,91688,26397,65291,1160,0,31699
1973-02,25704,31734,31537,6030,90275,25705,64570,1593,0,30141
1973-03,26036,31891,31681,5855,91118,26036,65082,1824,0,30067
1973-04,26526,32349,32126,5823,92586,26526,66060,1711,5,30638
1973-05,26406,32413,32275,6007,93118,26407,66711,1843,30,30571
1973-06,26102,32187,31970,6085,93732,26102,67630,1851,78,30336
1973-07,27210,33483,33200,6273,95575,27211,68364,1953,123,31531
1973-08,27418,33712,33540,6295,95828,27418,68409,2165,163,31548
1973-09,27605,34006,33775,6401,96226,27606,68620,1852,148,32154
1973-10,28571,34942,34690,6371,97484,28571,68912,1476,126,33466
1973-11,28385,34767,34543,6383,98343,28385,69958,1393,84,33375
1973-12,28473,35108,34804,6635,100143,28474,71669,1298,41,33810
1974-01,29385,36581,36419,7196,100376,29386,70990,1051,18,35530
1974-02,28635,35235,35051,6601,99063,28635,70428,1191,17,34044
1974-03,28475,34925,34791,6450,99604,28476,71128,1314,32,33611
1974-04,29550,35953,35771,6403,101743,29551,72192,1736,53,34217
1974-05,29883,36485,36325,6602,102777,29884,72894,2590,102,33895
1974-06,29789,36457,36259,6669,103597,29790,73808,3006,135,33451
1974-07,30495,37323,37161,6828,105054,30496,74558,3301,149,34022
1974-08,30274,37041,36853,6767,105046,30275,74771,3336,164,33705
1974-09,30144,37067,36886,6923,105292,30145,75147,3282,139,33785
1974-10,30017,36874,36754,6857,105704,30018,75686,1813,117,35061
1974-11,29848,36776,36571,6928,106933,29848,77085,1252,67,35524
1974-12,29682,36861,36603,7179,108640,29682,78957,727,32,36134
1975-01,29911,37700,37553,7789,107745,29912,77833,398,14,37302
1975-02,28461,35527,35333,7065,105511,28462,77050,147,11,35379
1975-03,27882,34712,34513,6831,105693,27883,77810,106,7,34607
1975-04,28300,35171,35014,6871,106816,28301,78515,110,7,35061
1975-05,27731,34651,34496,6920,106989,27732,79257,66,9,34585
1975-06,27660,34630,34429,6970,108423,27661,80762,227,11,34403
1975-07,27660,34875,34687,7215,109501,27661,81840,301,17,34574
1975-08,27161,34460,34265,7300,109092,27161,81930,211,37,34249
1975-09,27207,34637,34446,7431,109203,27207,81996,397,62,34241
1975-10,27312,34634,34427,7322,109675,27313,82362,190,65,34444
1975-11,27217,34576,34293,7359,111096,27218,83879,60,28,34516
1975-12,27219,34990,34724,7772,113125,27220,85905,130,14,34860
1976-01,27169,35602,35362,8433,111925,27170,84755,78,9,35524
1976-02,26504,34151,33933,7647,110558,26504,84053,81,10,34070
1976-03,26298,33757,33534,7459,111255,26298,84957,54,8,33703
1976-04,26559,34128,33973,7569,113093,26560,86533,44,10,34084
1976-05,26220,34057,33848,7838,113566,26220,87346,115,11,33943
1976-06,25962,33864,33651,7903,114411,25962,88448,127,20,33738
1976-07,26245,34311,34076,8065,115579,26246,89333,133,25,34178
1976-08,26064,34051,33844,7987,115533,26065,89468,100,28,33951
1976-09,25780,33893,33692,8113,115573,25781,89792,62,30,33831
1976-10,26309,34335,34116,8026,116554,26310,90244,94,32,34241
1976-11,26507,34690,34433,8183,118343,26508,91835,72,23,34618
1976-12,26689,35237,34964,8548,120337,26690,93647,53,13,35184
1977-01,27141,36064,35799,8924,119677,27142,92535,68,10,35996
1977-02,26101,34432,34234,8331,117818,26102,91716,72,12,34361
1977-03,25948,34085,33870,8137,118719,25949,92770,103,13,33982
1977-04,26410,34794,34602,8384,120646,26411,94235,73,14,34720
1977-05,26058,34669,34461,8610,120979,26059,94920,206,30,34462
1977-06,25831,34441,34294,8609,121804,25832,95972,262,54,34178
1977-07,26694,35317,35043,8624,124091,26694,97396,323,60,34994
1977-08,26474,35187,34987,8713,124180,26475,97705,1061,114,34127
1977-09,26285,35173,34964,8888,124425,26286,98139,626,112,34548
1977-10,26911,35732,35521,8821,125749,26911,98837,1306,112,34426
1977-11,26963,35897,35647,8934,127607,26964,100642,862,83,35036
1977-12,27134,36486,36296,9352,129915,27135,102780,569,55,35917
1978-01,28160,38144,37877,9984,130211,28161,102050,484,32,37660
1978-02,27530,36849,36607,9319,128671,27531,101140,406,52,36443
1978-03,27132,36127,35927,8995,129110,27133,101978,328,47,35799
1978-04,27936,36970,36821,9034,131177,27936,103241,557,43,36413
1978-05,27930,37083,36864,9153,132255,27931,104324,1212,92,35871
1978-06,27954,37303,37125,9349,133606,27955,105651,1094,120,36209
1978-07,28700,38246,38048,9546,135708,28701,107007,1317,143,36929
1978-08,28049,37571,37404,9522,135209,28050,107159,1140,189,36432
1978-09,28195,37806,37613,9611,136211,28196,108015,1060,191,36746
1978-10,28722,38376,38215,9655,137572,28722,108850,1277,223,37099
1978-11,29850,39645,39423,9795,140734,29851,110883,703,186,38942
1978-12,31347,41678,41446,10331,144721,31348,113373,868,135,40810
1979-01,31990,43079,42865,11090,144328,31991,112337,1003,106,42077
1979-02,30626,40703,40494,10077,141606,30627,110979,973,115,39730
1979-03,30439,40217,40059,9777,142293,30440,111853,991,119,39226
1979-04,30983,40724,40548,9741,144410,30984,113426,918,134,39807
1979-05,30189,40237,40096,10047,144494,30190,114304,1765,174,38472
1979-06,29950,40104,39883,10154,145889,29951,115938,1418,192,38686
1979-07,30354,40916,40705,10562,148136,30355,117781,1171,182,39746
1979-08,30190,40715,40494,10525,148568,30191,118377,1085,179,39630
1979-09,30327,41054,40862,10727,149585,30327,119258,1340,174,39713
1979-10,31598,42280,42007,10682,151533,31599,119934,2022,159,40258
1979-11,32260,42997,42753,10737,153809,32261,121548,1906,143,41092
1979-12,32676,44020,43578,11344,156653,32677,123977,1473,82,42547
1980-01,32908,45179,44928,12270,155995,32909,123086,1241,74,43938
1980-02,32129,43177,42966,11048,153896,32130,121766,1655,97,41522
1980-03,32394,43096,42910,10702,155032,32395,122637,2823,150,40273
1980-04,34008,44880,44683,10873,157858,34008,123850,2455,155,42425
1980-05,32982,43963,43785,10982,157915,32982,124933,1018,63,42945
1980-06,32351,43472,43268,11121,158922,32352,126571,379,12,43093
1980-07,31588,42859,42575,11271,159940,31589,128351,395,6,42464
1980-08,29123,40373,40071,11250,158388,29124,129264,658,9,39715
1980-09,29365,41164,40908,11798,159391,29366,130025,1311,25,39852
1980-10,30037,41704,41498,11667,160925,30037,130887,1310,66,40394
1980-11,28929,41244,40723,15311,162049,28930,133119,2060,97,39185
1980-12,27354,40660,40146,18149,163376,27355,136021,1690,116,38970
1981-01,27220,41621,41247,19458,161080,27229,133851,1395,120,40226
1981-02,26673,39872,39521,17868,158982,26682,132299,1303,148,38568
1981-03,26727,39687,39407,17400,159765,26741,133023,1000,196,38688
1981-04,27322,40338,40169,17269,162371,27340,135031,1338,162,39000
1981-05,26984,40522,40265,17804,163200,27007,136193,2223,269,38299
1981-06,26627,40447,40108,18187,163929,26652,137277,2037,291,38409
1981-07,27106,41006,40666,18273,166041,27139,138902,1679,247,39327
1981-08,26981,41007,40716,18435,166116,27026,139090,1420,235,39588
1981-09,25497,40591,40177,18925,164686,25561,139125,1456,222,39135
1981-10,25689,40710,40433,18810,164972,25769,139203,1181,152,39530
1981-11,25890,40949,40605,18844,167230,25990,141240,663,95,40286
1981-12,26167,41925,41606,19538,170681,26282,144399,636,54,41289
1982-01,26712,43202,42784,20284,169811,26842,142969,1517,75,41685
1982-02,25968,41285,40981,19251,167490,26111,141379,1789,131,39496
1982-03,24251,39227,38866,18749,166219,24414,141805,1555,175,37673
1982-04,24564,39557,39284,18577,168703,24742,143961,1568,167,37989
1982-05,24204,39550,39191,19048,170045,24394,145651,1117,235,38433
1982-06,24030,39566,39258,19318,171679,24240,147439,1205,241,38362
1982-07,24271,39965,39651,19554,173381,24495,148886,691,221,39273
1982-08,24472,40179,39866,19500,173975,24712,149263,515,121,39663
1982-09,23382,39960,39576,19921,173383,23674,149709,933,102,39027
1982-10,24252,40587,40183,19578,174957,24594,150363,477,85,40110
1982-11,24606,41200,40799,19807,177469,25009,152460,621,48,40580
1982-12,24806,41855,41354,20392,180717,25241,155476,634,33,41221
1983-01,24432,41864,41315,21454,178899,24904,153995,529,33,41334
1983-02,23532,39799,39364,20036,177044,24058,152986,582,40,39217
1983-03,22163,38035,37601,19484,177320,22759,154561,792,53,37242
1983-04,22566,38650,38174,19569,180038,23209,156829,1009,82,37641
1983-05,22010,38282,37833,19710,181386,22726,158660,952,99,37330
1983-06,21807,38415,37934,20098,183320,22585,160734,1636,122,36779
1983-07,22139,38948,38440,20413,185279,22957,162321,1453,171,37495
1983-08,21965,38661,38214,20035,185438,22808,162630,1546,198,37115
1983-09,20585,37916,37418,20798,184936,21484,163452,1441,190,36475
1983-10,21059,38138,37633,20471,186416,22006,164410,844,142,37294
1983-11,20943,38144,37615,20558,189064,21920,167144,905,121,37239
1983-12,20986,38894,38333,20755,192191,22002,170189,774,96,38120
1984-01,21325,40120,39507,22578,191350,22359,168991,715,86,39405
1984-02,18383,36330,35423,22246,186839,19670,167169,567,103,35762
1984-03,19444,36236,35568,20403,189122,20713,168409,952,133,35285
1984-04,20344,37137,36664,20161,192249,21811,170438,1234,139,35903
1984-05,19546,36502,35933,20462,192820,20807,172013,2988,196,33514
1984-06,20196,37502,36742,20787,195695,21423,174272,3300,264,34201
1984-07,19882,37461,36831,21169,197492,21302,176190,5924,308,31537
1984-08,19270,37265,36584,21737,196735,20540,176195,8017,346,29248
1984-09,20125,38027,37377,21281,197898,21372,176526,7242,319,30785
1984-10,20055,38474,37856,21849,198076,21505,176570,6017,299,32457
1984-11,20796,39192,38493,21709,200592,22034,178557,4617,212,34574
1984-12,21734,40693,39858,22193,204812,23060,181752,3186,113,37507
1985-01,21519,41065,40322,22941,203177,23166,180011,1395,62,39670
1985-02,20348,40208,39358,23768,200224,21948,178275,1289,71,38919
1985-03,21964,40396,39721,21703,202719,23503,179216,1593,88,38803
1985-04,23195,41626,40890,21418,205511,24537,180974,1323,135,40304
1985-05,22326,40995,40242,21775,206691,23754,182937,1334,165,39661
1985-06,23382,42369,41446,22052,210250,24745,185505,1205,151,41164
1985-07,23484,42767,41927,22414,212277,24833,187444,1107,167,41661
1985-08,23406,42937,42102,22730,212802,24877,187924,1073,221,41864
1985-09,25004,44476,43778,22356,214674,26223,188451,1289,203,43187
1985-10,25419,45455,44710,22850,216000,26953,189047,1187,172,44268
1985-11,26370,46371,45452,22835,219498,28068,191430,1741,107,44630
1985-12,27582,48122,47058,23336,224722,29494,195229,1318,56,46804
1986-01,26337,48024,46941,24595,221697,28369,193328,770,36,47253
1986-02,24662,46615,45601,25261,217759,26498,191262,884,56,45732
1986-03,27109,47267,46383,22995,221355,28836,192519,761,68,46506
1986-04,28887,48877,48105,22569,225063,30692,194371,893,73,47985
1986-05,28333,48471,47592,22829,226423,30047,196376,876,94,47595
1986-06,29475,49917,48998,23154,230141,31474,198667,803,108,49114
1986-07,30258,50975,50102,23479,232992,32205,200787,741,116,50235
1986-08,30150,51260,50519,23858,233236,32068,201168,872,144,50387
1986-09,31914,53186,52496,23798,235110,33603,201507,1008,137,52178
1986-10,32926,54614,53896,24196,237005,34763,202242,841,99,53772
1986-11,34730,56332,55430,24011,241953,36846,205107,752,70,55580
1986-12,37165,59369,58196,24538,248625,39492,209133,827,38,58543
1987-01,36572,59646,58575,25475,246971,38949,208021,580,34,59066
1987-02,33597,57035,55842,26293,242453,35973,206480,556,71,56478
1987-03,35309,57057,56136,24159,244774,37396,207378,527,91,56530
1987-04,37814,59407,58549,23761,249579,39967,209612,993,120,58414
1987-05,36418,58302,57234,24114,250593,38557,212036,1035,196,57266
1987-06,36302,58783,57549,24801,252859,38423,214436,776,259,58006
1987-07,36148,58880,58020,25061,254802,38393,216409,672,283,58207
1987-08,35586,58334,57282,25110,254559,37591,216968,647,279,57687
1987-09,36656,59783,58998,25322,256258,38615,217643,940,231,58843
1987-10,37205,61059,59969,26066,258112,39358,218754,943,189,60116
1987-11,37490,61240,60300,25919,262358,39329,223029,625,126,60615
1987-12,37692,62129,61109,26676,266878,39632,227246,777,93,61351
1988-01,37435,62562,61310,27418,266252,39726,226526,1082,59,61480
1988-02,34167,60006,58868,28591,260724,36348,224377,396,75,59610
1988-03,35923,60012,59067,26384,263388,37878,225510,1752,119,58260
1988-04,38359,62024,61138,25650,268448,40217,228231,2993,146,59030
1988-05,36455,60648,59600,26334,268823,38345,230478,2578,246,58070
1988-06,37926,62005,61109,26183,273081,39581,233500,3083,311,58922
1988-07,37885,62625,61734,26939,275836,39799,236037,3440,376,59186
1988-08,36879,61936,60966,27419,274808,38790,236017,3241,423,58695
1988-09,37225,62170,61153,27251,275231,38985,236246,2839,421,59331
1988-10,36371,61859,60806,27909,275440,38317,237123,2299,332,59560
1988-11,36991,62411,61237,27753,279159,38865,240294,2861,186,59550
1988-12,37765,63678,62616,28204,283789,39344,244445,1716,130,61962
1989-01,36392,63387,62242,29305,282165,38590,243575,1649,76,61738
1989-02,32765,60631,59477,30597,275271,34717,240554,1487,97,59145
1989-03,34549,60121,59202,27881,278788,36703,242085,1813,140,58308
1989-04,35798,61249,60435,27612,281630,37796,243835,2289,213,58960
1989-05,33150,58867,57824,28110,280583,34957,245627,1720,345,57147
1989-06,33832,59573,58664,28089,283671,35678,247992,1490,431,58083
1989-07,33920,60279,59296,28805,285701,35849,249852,694,497,59585
1989-08,32863,59604,58712,29360,283854,34670,249184,675,490,58929
1989-09,33546,60121,59175,29098,284036,35231,248805,693,452,59428
1989-10,33089,60363,59322,29921,284238,35079,249159,555,330,59807
1989-11,33881,60930,59981,29558,287814,36001,251813,349,134,60581
1989-12,35367,62732,61790,29827,294323,37558,256765,265,84,62466
1990-01,34076,62921,61878,31313,293132,36311,256821,440,47,62481
1990-02,30883,60582,59581,32506,287719,33027,254692,1448,51,59134
1990-03,33386,60641,59759,29588,292402,35580,256822,2124,78,58517
1990-04,35370,62483,61611,29284,297404,37464,259939,1609,122,60874
1990-05,32771,60233,59279,29816,297279,34891,262387,1332,244,58901
1990-06,33885,61209,60422,29642,301742,35775,265966,881,311,60328
1990-07,32933,60945,60077,30460,303888,34949,268939,757,389,60188
1990-08,32426,60717,59841,30842,305147,34549,270598,927,430,59791
1990-09,33260,61421,60508,30625,308033,35294,272739,624,418,60797
1990-10,32081,61008,60167,31521,308764,34159,274605,410,335,60597
1990-11,33378,62049,61121,31086,313670,35400,278270,230,162,61819
1990-12,30227,59122,57457,31789,315270,32343,282927,326,76,58796
1991-01,21960,50933,48792,33231,309597,25036,284561,534,33,50399
1991-02,19789,48514,46709,33498,306945,22659,284286,252,37,48262
1991-03,21712,48563,47381,30906,311089,24709,286380,241,55,48322
1991-04,23498,50291,49262,30571,314068,26606,287463,231,79,50060
1991-05,22282,49060,48025,30734,314339,25552,288787,303,151,48757
1991-06,23671,50408,49412,30542,318071,26915,291155,340,222,50068
1991-07,23261,50671,49766,31331,319987,26570,293417,607,317,50064
1991-08,22787,50602,49517,31786,320051,26168,293883,764,331,49837
1991-09,23443,51128,50194,31529,321825,27269,294556,645,287,50482
1991-10,23174,51564,50506,32297,323057,27294,295763,261,211,51303
1991-11,24999,53053,52160,31713,328415,29270,299145,108,86,52945
1991-12,26670,55545,54555,32509,335415,30947,304467,192,38,55353
1992-01,25403,55800,54807,34133,333149,29890,303259,233,17,55566
1992-02,24868,55206,54160,34233,331242,29567,301675,77,22,55128
1992-03,28042,56266,55241,31651,335595,32776,302820,91,32,56175
1992-04,22646,50445,49311,31074,333124,27631,305493,90,47,50355
1992-05,21085,48842,47838,31202,334541,26432,308109,155,98,48687
1992-06,21237,49511,48587,31733,337098,26600,310498,229,149,49282
1992-07,21208,49827,48851,32148,340424,26892,313532,284,203,49542
1992-08,21269,50158,49219,32460,342727,26970,315757,250,223,49908
1992-09,22641,51545,50530,32344,346903,28390,318513,287,193,51257
1992-10,23634,53137,52074,32991,349808,29444,320364,143,114,52994
1992-11,25482,54692,53648,32464,355924,31480,324444,104,40,54587
1992-12,25401,56578,55423,34541,361903,31418,330486,124,18,56454
1993-01,23645,56023,54761,36003,360650,30373,330277,166,11,55858
1993-02,23520,53875,52782,33913,359533,30032,329501,45,18,53830
1993-03,24387,54300,53067,33284,362723,31096,331628,91,26,54209
1993-04,26965,56531,55428,32709,368849,33481,335367,73,41,56458
1993-05,25958,56086,55087,33451,370845,32262,338583,121,84,55965
1993-06,26446,57221,56325,34096,375841,32864,342978,181,142,57039
1993-07,26524,57709,56641,34526,379121,32932,346189,244,210,57465
1993-08,26563,57759,56806,34508,380892,32741,348151,352,234,57407
1993-09,27277,59135,58048,35211,384705,33583,351123,428,236,58708
1993-10,28277,60009,58931,35176,388226,34916,353310,285,192,59723
1993-11,29018,61296,60175,35656,391960,35379,356581,89,75,61206
1993-12,29360,62847,61777,36818,398638,36191,362447,82,31,62765
1994-01,27791,62039,60580,37902,397786,34866,362920,73,15,61966
1994-02,26913,59583,58434,36298,397926,34111,363815,70,15,59512
1994-03,27395,59600,58616,35590,400752,34000,366752,55,24,59545
1994-04,29602,61616,60474,35224,406948,36084,370864,124,57,61492
1994-05,26790,59228,58358,35900,407088,32880,374208,200,134,59028
1994-06,26505,59935,58818,36910,411591,32508,379083,333,226,59602
1994-07,25995,60102,58986,37651,415010,31959,383050,458,364,59644
1994-08,25292,59347,58337,37621,415263,30954,384309,469,445,58879
1994-09,25169,59962,58913,38435,416866,30266,386600,487,444,59476
1994-10,24738,59489,58691,38243,418679,29691,388988,380,339,59108
1994-11,24711,60013,59016,38956,423063,29438,393625,249,164,59764
1994-12,24671,61359,60188,40382,428489,29483,399006,209,100,61150
1995-01,22266,60507,59174,42316,426222,26989,399233,136,46,60371
1995-02,21741,57684,56714,39804,422895,26192,396704,59,33,57624
1995-03,22629,57579,56755,38533,427727,27124,400603,69,51,57510
1995-04,24193,58860,58102,38183,433540,28409,405131,111,83,58750
1995-05,21472,56745,55871,39212,434008,25794,408214,150,137,56595
1995-06,21055,57032,56048,40006,434846,25413,409433,272,172,56759
1995-07,20815,57369,56262,40743,435915,25249,410666,371,231,56997
1995-08,20559,56814,55808,40441,435546,25180,410365,282,258,56532
1995-09,20521,57165,56193,40922,436332,25191,411141,278,252,56887
1995-10,20039,56393,55313,40803,436570,25023,411546,245,199,56148
1995-11,20055,56395,55449,40783,439093,25257,413836,204,73,56191
1995-12,20455,57896,56605,42284,445840,26125,419715,257,40,57638
1996-01,17776,56908,55440,44777,441733,23917,417816,38,7,56870
1996-02,16880,53756,52895,42101,435714,22858,412856,35,8,53722
1996-03,18495,54880,53738,40881,440455,24496,415959,21,10,54859
1996-04,19236,55858,54732,40968,443376,25151,418225,91,34,55768
1996-05,16812,53186,52275,41331,443014,23058,419955,127,105,53059
1996-06,16630,53747,52633,42207,446423,22728,423695,386,192,53361
1996-07,15411,52887,51865,42986,449831,21747,428084,368,284,52519
1996-08,14813,51698,50737,42770,450911,21253,429658,334,309,51364
1996-09,13734,51048,49997,43908,451954,20246,431708,368,306,50680
1996-10,12811,49563,48555,43125,452496,19785,432711,287,212,49276
1996-11,12864,49724,48668,42891,457010,19925,437085,214,109,49510
1996-12,13332,51176,49757,44527,464955,20615,444340,155,68,51021
1997-01,11679,50603,49375,47293,462505,19211,443293,45,19,50558
1997-02,11436,48050,47015,43603,459914,18872,441042,42,21,48008
1997-03,11481,47555,46385,42267,462300,18750,443549,156,37,47398
1997-04,12247,47893,46878,41561,465478,19557,445921,261,88,47633
1997-05,10867,46019,44736,41306,467038,18358,448680,243,173,45776
1997-06,10312,46636,45291,42540,469816,17895,451921,367,243,46269
1997-07,9876,46405,45168,43296,473111,17276,455835,409,330,45996
1997-08,10488,46655,45395,42584,474323,17633,456690,598,385,46058
1997-09,9744,46056,44759,43269,475441,16800,458641,438,368,45618
1997-10,9995,45638,44222,42240,477667,16993,460674,270,227,45368
1997-11,10564,46496,44827,42886,484618,17704,466914,153,115,46343
1997-12,10666,47921,46234,44742,493078,17728,475350,324,79,47597
1998-01,9748,47535,45770,47367,491235,17096,474139,210,18,47325
1998-02,9536,45170,43635,43198,488420,16686,471734,58,12,45112
1998-03,10170,45591,44240,41634,491007,17231,473776,41,22,45550
1998-04,11166,46597,45206,41221,494118,17949,476170,72,41,46525
1998-05,9807,44965,43674,41503,495231,16334,478897,153,94,44812
1998-06,9674,45098,43479,42615,498108,16610,481498,251,159,44847
1998-07,9648,44602,43227,42029,502446,16512,485934,258,215,44344
1998-08,9690,44719,43186,42121,504866,16608,488258,271,242,44448
1998-09,9291,44201,42503,42521,508591,16125,492466,251,178,43950
1998-10,9031,44123,42547,43258,512552,16103,496450,174,107,43949
1998-11,8849,44149,42538,43096,518349,15665,502684,83,37,44066
1998-12,9025,45208,43695,44295,526435,15969,510467,117,15,45091
1999-01,9647,46751,45261,45454,527870,17391,510480,206,7,46545
1999-02,8583,45506,44312,46473,526387,15830,510557,116,9,45390
1999-03,8825,43225,41956,42909,531013,16150,514862,65,18,43160
1999-04,9199,43614,42459,42165,535171,15940,519230,166,39,43448
1999-05,10018,44827,43605,42588,540620,17029,523591,127,89,44699
1999-06,8469,42333,41035,42622,544016,15628,528388,145,127,42188
1999-07,7585,41601,40637,44079,548817,14908,533910,309,226,41292
1999-08,7723,41703,40542,44601,551361,14857,536505,344,271,41360
1999-09,7649,41318,40105,44446,556828,14755,542073,338,282,40980
1999-10,6774,40730,39582,47038,564665,13629,551036,281,221,40449
1999-11,6280,40969,39640,50823,582758,13255,569503,236,71,40734
1999-12,5260,41651,40357,60625,612499,12614,599885,320,67,41331
2000-01,5165,44229,42215,74021,601868,12916,588951,374,31,43855
2000-02,5075,42097,40984,63770,578030,12341,565689,108,44,41989
2000-03,6517,39750,38541,48952,577105,13356,563749,179,71,39571
2000-04,7102,40610,39443,46456,578588,13927,564661,304,120,40306
2000-05,7690,41584,40613,44641,580556,14563,565993,362,276,41222
2000-06,6608,39361,38246,44561,581960,13333,568627,479,389,38882
2000-07,6801,39883,38740,45477,584222,13411,570811,570,510,39314
2000-08,6962,39496,38442,45333,583423,13631,569792,579,554,38918
2000-09,6859,39189,38043,44855,583752,13550,570202,477,427,38711
2000-10,6729,38767,37619,45258,585252,13750,571502,418,299,38349
2000-11,7067,38678,37475,44648,590277,14329,575948,283,159,38395
2000-12,6920,38371,37045,45246,598305,14053,584252,210,111,38161
2001-01,6925,39610,38346,47697,598666,14156,584511,73,34,39537
2001-02,6380,39145,37800,48535,595873,13485,582387,51,21,39094
2001-03,6584,37575,36324,44133,599106,13820,585285,58,20,37517
2001-04,6840,38569,37312,43681,601727,13691,588036,51,35,38519
2001-05,7603,39374,38355,43263,605919,14529,591390,213,79,39161
2001-06,6930,38104,36855,43166,609096,14182,594914,229,120,37874
2001-07,7686,39330,37928,43943,615984,14856,601129,283,174,39047
2001-08,7571,39663,38459,44014,622427,15029,607398,183,164,39479
2001-09,25630,57568,38553,43448,647223,34102,613121,3385,93,54183
2001-10,12074,44632,43306,45039,635154,19906,615248,127,67,44505
2001-11,8815,40058,38619,43073,639465,17314,622152,84,33,39974
2001-12,9046,41051,39407,43895,650775,18499,632276,67,33,40984
2002-01,9991,43722,42316,45688,653760,19206,634554,50,17,43672
2002-02,9253,42492,41119,45674,654639,18593,636045,30,17,42463
2002-03,9106,40315,38911,42627,658956,18760,640196,79,20,40236
2002-04,9712,40935,39729,42009,663401,19701,643700,71,50,40864
2002-05,9185,40289,39030,41818,668606,19150,649455,112,105,40177
2002-06,7916,38616,37378,41673,673966,18199,655766,142,136,38473
2002-07,8036,39416,38039,42797,679310,18339,660970,191,176,39224
2002-08,8461,39837,38230,42981,679765,18714,661051,333,185,39503
2002-09,8662,38862,37378,42316,680397,19037,661360,229,169,38632
2002-10,8778,38670,37137,43014,681855,19170,662685,143,120,38527
2002-11,9756,39213,37575,42215,688494,20303,668191,272,60,38942
2002-12,9925,40271,38263,43363,699216,20906,678310,80,45,40191
2003-01,10073,42867,41159,46198,699262,21077,678185,27,13,42840
2003-02,9852,41934,39970,45879,700958,20731,680227,25,5,41909
2003-03,9830,40590,38961,42994,705269,21357,683912,22,8,40568
2003-04,10595,41174,39634,41994,709552,22347,687205,29,21,41144
2003-05,11408,41781,40164,41744,713711,22992,690719,55,53,41726
2003-06,11464,42019,39979,42120,714979,22456,692523,161,74,41857
2003-07,12177,43593,41658,42872,717614,23426,694188,130,110,43462
2003-08,14137,46102,42338,43268,720922,25424,695498,329,146,45773
2003-09,12488,44435,42927,43324,721062,24122,696940,181,158,44254
2003-10,11598,43120,41653,43922,724756,23040,701716,107,94,43013
2003-11,11516,42645,41162,43412,730637,23400,707237,68,43,42577
2003-12,10867,42953,41906,44884,739408,23032,716376,46,29,42907
2004-01,11579,45462,44574,47306,736438,22703,713735,106,13,45356
2004-02,10896,43866,42674,47123,735287,21787,713500,42,14,43824
2004-03,12047,44179,42372,45108,736780,22748,714032,51,28,44128
2004-04,14091,46064,44258,43606,741207,24279,716928,86,57,45978
2004-05,14081,46335,44651,43870,745039,24225,720814,112,103,46223
2004-06,13200,45717,43787,44439,750697,23460,727237,180,140,45537
2004-07,13315,46777,45055,45341,757304,23279,734025,245,203,46532
2004-08,12385,45841,44259,45954,757181,22475,734706,251,233,45589
2004-09,13010,46499,44845,45754,762233,23381,738853,335,238,46164
2004-10,11924,45665,43910,47709,763876,22638,741238,179,164,45486
2004-11,12090,45632,43847,46871,770493,22356,748136,183,78,45449
2004-12,12045,46847,44938,48555,776279,22785,753494,63,52,46784
2005-01,14073,50438,48699,48789,775222,25695,749527,62,23,50376
2005-02,12224,46617,45127,48483,772882,21680,751202,42,16,46575
2005-03,12031,45923,44142,47567,773481,21245,752236,49,37,45874
2005-04,12906,46543,44879,46419,775537,21856,753681,132,80,46411
2005-05,11918,46325,44801,46910,776356,20887,755469,139,133,46186
2005-06,11158,45965,44226,47563,780669,19951,760718,249,164,45716
2005-07,11503,47080,45288,48586,782860,19748,763111,425,237,46655
2005-08,11028,45491,43871,49510,782727,19434,763293,362,297,45129
2005-09,11705,46123,44128,48627,787943,19915,768028,332,315,45791
2005-10,10252,44756,42872,50907,787216,18298,768918,284,220,44472
2005-11,10145,44668,42886,50509,793472,18315,775157,126,106,44542
2005-12,10046,45383,43483,52586,803124,18406,784718,169,72,45214
2006-01,10272,47149,45573,53136,804172,19250,784922,110,32,47039
2006-02,9409,44611,43062,54109,804855,17899,786956,53,30,44558
2006-03,9138,42722,41216,50484,810146,21029,789118,169,50,42553
2006-04,10304,44730,42905,49484,809191,18328,790863,248,84,44482
2006-05,10719,45503,43706,49738,812561,18214,794347,175,151,45328
2006-06,9989,45116,43334,50422,812366,17212,795154,253,237,44863
2006-07,9688,44925,43371,51059,811505,16662,794843,350,312,44574
2006-08,8845,42712,41191,51696,809714,15859,793855,369,343,42343
2006-09,9159,42635,40876,50857,810401,16096,794305,403,338,42232
2006-10,8225,41714,40021,51859,809839,15298,794542,229,205,41485
2006-11,8372,42149,40460,51138,816786,15384,801401,160,112,41990
2006-12,8479,43282,41419,53054,826731,15586,811145,191,80,43091
2007-01,8750,44607,43061,54039,822978,15688,807290,211,24,44396
2007-02,7616,42582,41129,55302,820044,14681,805364,30,22,42552
2007-03,7434,40671,39053,51333,820914,14467,806447,54,28,40617
2007-04,8509,42498,40911,50655,822978,15333,807645,79,48,42419
2007-05,9128,44075,42619,50844,825698,15914,809784,103,90,43971
2007-06,8736,43866,42112,51548,827158,15362,811797,187,145,43679
2007-07,8296,42909,41276,52393,828938,15071,813866,262,217,42647
2007-08,10912,44929,40102,53236,829602,17853,811749,975,255,43954
2007-09,8728,42667,40934,51824,827418,15380,812039,1567,221,41101
2007-10,8275,42050,40591,52020,829039,15116,813923,254,115,41796
2007-11,8497,42599,40905,51331,834315,15220,819095,366,50,42233
2007-12,8098,43463,41678,54458,837192,14905,822287,15430,30,28033
2008-01,8665,44891,43243,55208,830632,15421,815210,45660,6,-769
2008-02,8344,43823,42208,55483,829527,14902,814625,60157,3,-16334
2008-03,9885,43774,41129,52319,832999,16549,816450,94523,6,-50749
2008-04,9751,45035,43298,51423,830234,16309,813925,135410,21,-90374
2008-05,10844,46874,45036,50920,834675,16648,818027,155780,47,-108907
2008-06,10148,45809,43584,51657,840175,16656,823519,171278,75,-125469
2008-07,10510,45977,44065,51538,847018,16607,830411,165664,98,-119687
2008-08,10454,45791,43915,52460,847628,16582,831046,168078,97,-122288
2008-09,67514,102893,43411,52765,909687,74580,835107,290105,87,-187212
2008-10,278018,314799,47642,54084,1136412,284576,851836,648319,28,-333521
2008-11,571077,609135,50327,55407,1442251,576845,865407,698786,8,-89650
2008-12,783631,820876,53558,56029,1666365,788042,878323,653565,3,167311
2009-01,820669,860235,63401,56154,1712014,825368,886646,563496,1,296739
2009-02,662192,700960,58889,56545,1561699,666616,895083,582497,3,118463
2009-03,741020,778129,55026,52820,1647305,745888,901417,612111,3,166018
2009-04,844528,881737,59140,51387,1753246,849648,903598,558194,2,323543
2009-05,865312,902806,60662,50886,1775104,869311,905792,525448,10,377358
2009-06,771976,809734,60334,51850,1683704,776203,907500,438722,32,371012
2009-07,758906,796542,64297,51289,1673598,763646,909952,366961,80,429581
2009-08,790761,828743,63116,51517,1710773,799632,911141,331450,110,497293
2009-09,884206,922595,62708,51603,1801165,887963,913202,306827,111,615768
2009-10,1017767,1056716,62214,52535,1936314,1021195,915119,265058,82,791658
2009-11,1102446,1141597,64587,52309,2024608,1105256,919352,217307,67,924290
2009-12,1099831,1140450,65250,54752,2026220,1101794,924426,169927,37,970523
2010-01,1070701,1112375,66575,55382,1994962,1073626,921336,142142,5,970233
2010-02,1183755,1225481,63630,56230,2115182,1186599,928584,111227,1,1114254
2010-03,1143627,1184492,64122,55225,2079591,1146695,932897,91644,7,1092847
2010-04,1076456,1117448,67232,53383,2014449,1079490,934959,80225,22,1037223
2010-05,1070761,1111335,66555,52416,2012331,1073842,938489,75626,42,1035709
2010-06,1058765,1099205,64278,52689,2002433,1061556,940877,69897,59,1029307
2010-07,1046938,1087751,66106,53536,1994298,1049456,944842,65847,75,1021904
2010-08,1044121,1085053,65494,53539,1993664,1046634,947029,60083,85,1024970
2010-09,1006743,1047863,67033,52649,1961226,1009175,952051,52521,77,995343
2010-10,998508,1039671,66080,53236,1961720,1000903,960817,48573,46,991098
2010-11,997742,1038635,67070,52977,1973139,1000109,973031,46689,23,991946
2010-12,1035074,1078001,71365,55708,2017000,1037336,979663,45488,26,1032512
2011-01,1066213,1110349,73883,55666,2047917,1068620,979297,32246,10,1078102
2011-02,1219257,1263701,73700,56181,2211605,1221612,989994,21933,3,1241768
2011-03,1391358,1434881,72735,54931,2395330,1393768,1001561,19882,6,1414999
2011-04,1484147,1527988,76041,54943,2496574,1486655,1009920,17842,8,1510146
2011-05,1546486,1589809,77321,54335,2567185,1549025,1018160,15146,20,1574664
2011-06,1622346,1665828,77103,54835,2648548,1624970,1023578,13243,42,1652585
2011-07,1652208,1696559,78442,55585,2684801,1654876,1029925,12395,73,1684163
2011-08,1621060,1666555,83212,56335,2657678,1623698,1033980,11834,92,1654721
2011-09,1596944,1643454,92478,56394,2637680,1599579,1038101,11575,81,1631879
2011-10,1592447,1638918,93782,56833,2637757,1595051,1042707,11210,50,1627708
2011-11,1546124,1592413,94644,56720,2605420,1548654,1056766,10341,20,1582072
2011-12,1550043,1598716,96510,59908,2619586,1552573,1067014,9526,23,1589189
2012-01,1568915,1619192,99741,60792,2640764,1571179,1069586,8614,7,1610578
2012-02,1609775,1659924,99803,60669,2694422,1611822,1082600,7933,1,1651991
2012-03,1557859,1606345,96752,58691,2655219,1559848,1095371,7330,4,1599016
2012-04,1537808,1586705,100528,58584,2639850,1539881,1099968,6865,9,1579840
2012-05,1510119,1558506,101046,57936,2616477,1512172,1104305,6187,27,1552319
2012-06,1507596,1555380,97905,57582,2618755,1509526,1109228,5214,56,1550166
2012-07,1535052,1583771,100721,58239,2647752,1534190,1113561,4258,97,1579513
2012-08,1532976,1582195,104445,58343,2650750,1532976,1117773,3271,138,1578924
2012-09,1468681,1517509,108069,58050,2594909,1468681,1126228,1965,123,1515544
2012-10,1476730,1525584,107311,59232,2611775,1476730,1135045,1466,66,1524119
2012-11,1497506,1546110,110806,59134,2646809,1497506,1149303,1051,37,1545059
2012-12,1517425,1570384,111634,63846,2675945,1517425,1158520,795,23,1569588
2013-01,1582524,1636934,117475,64180,2741743,1582524,1159218,565,7,1636369
2013-02,1680086,1733393,116606,63942,2845251,1680086,1165166,465,1,1732928
2013-03,1760359,1811300,113147,61169,2935036,1760359,1174677,394,0,1810906
2013-04,1832952,1884689,115856,61761,3011737,1832952,1178785,401,11,1884288
2013-05,1930723,1981984,118638,61272,3116932,1930723,1186209,410,42,1981574
2013-06,2010604,2062906,115970,62089,3201472,2010604,1190869,351,65,2062555
2013-07,2094225,2147705,116776,62843,3290898,2094225,1196673,359,109,2147345
2013-08,2199056,2252631,118764,63119,3398930,2199056,1199875,317,142,2252314
2013-09,2281080,2333851,119978,62343,3486920,2281080,1205840,274,151,2333577
2013-10,2374958,2427797,119552,63116,3589515,2374958,1214557,238,124,2427559
2013-11,2463012,2517052,124523,64271,3684563,2463012,1221551,180,72,2516872
2013-12,2485248,2541019,124801,66275,3717450,2485248,1232202,170,59,2540849
2014-01,2498153,2556401,134149,67940,3728483,2498153,1230330,127,22,2556274
2014-02,2593879,2650127,133568,67025,3833354,2593879,1239476,104,5,2650023
2014-03,2623027,2676700,132145,64131,3885877,2623027,1262851,105,7,2676596
2014-04,2660368,2714900,134734,64916,3930681,2660368,1270313,117,17,2714783
2014-05,2635180,2688383,136110,63190,3911525,2635180,1276345,139,47,2688244
2014-06,2668354,2722268,135357,63524,3948691,2668354,1280337,179,102,2722089
2014-07,2704004,2759023,139609,64043,3989084,2704004,1285080,231,174,2758793
2014-08,2786867,2842040,142072,64489,4075039,2786867,1288172,278,229,2841761
2014-09,2759284,2814486,137094,64597,4049189,2759284,1289905,300,253,2814186
2014-10,2705668,2760317,139675,64590,4001451,2705668,1295783,221,200,2760096
2014-11,2519578,2575099,141945,64964,3830424,2519578,1310846,130,119,2574968
2014-12,2606700,2665937,142007,69116,3934455,2606700,1327755,102,80,2665835
2015-01,2683709,2745584,152397,71107,4017103,2683709,1333394,66,18,2745518
2015-02,2496868,2556071,148321,69854,3840464,2496868,1343596,18,5,2556053
2015-03,2675202,2732863,149155,67838,4030632,2675202,1355430,20,9,2732843
2015-04,2698960,2756740,150249,67703,4059374,2698960,1360414,52,28,2756688
2015-05,2584359,2641733,149733,67016,3949372,2584359,1365013,87,81,2641646
2015-06,2553138,2611129,145873,67458,3919649,2553138,1366511,150,135,2610979
2015-07,2590841,2649299,150292,67604,3961217,2590841,1370376,186,179,2649113
2015-08,2608263,2666058,153937,66887,3984019,2608263,1375756,235,221,2665823
2015-09,2643958,2701278,149298,67105,4028486,2643958,1384529,256,246,2701023
2015-10,2668193,2725944,147389,68247,4060469,2668193,1392276,194,188,2725750
2015-11,2602104,2660341,147809,68035,4006725,2602104,1404621,115,106,2660226
2015-12,2419774,2481187,150727,71616,3835810,2419774,1416036,106,67,2481082
2016-01,2376108,2440011,160411,73414,3792723,2376108,1416615,77,22,2439935
2016-02,2448797,2510850,152731,73533,3872483,2448797,1423686,34,10,2510816
2016-03,2460382,2519685,152090,69785,3898431,2460382,1438049,21,13,2519664
2016-04,2427737,2487012,156515,69557,3872940,2427737,1445202,63,42,2486949
2016-05,2384089,2443789,160850,69233,3836529,2384089,1452439,79,69,2443710
2016-06,2367024,2427479,160129,69883,3825451,2367024,1458426,130,105,2427350
2016-07,2309659,2371183,163527,71323,3772544,2309659,1462885,204,167,2370978
2016-08,2352298,2413530,164182,71711,3816726,2352298,1464428,207,201,2413323
2016-09,2265320,2325108,167612,70182,3735888,2265320,1470567,206,195,2324901
2016-10,2095127,2156060,166622,71123,3572132,2095127,1477005,125,119,2155936
2016-11,2140315,2201670,168699,71126,3629770,2140315,1489455,39,30,2201631
2016-12,2031007,2095286,170224,74751,3531565,2031007,1500558,39,25,2095247
2017-01,2092776,2158542,176249,75793,3595455,2092776,1502679,16,5,2158526
2017-02,2237980,2302936,173208,76277,3746408,2237980,1508429,21,4,2302916
2017-03,2326253,2387779,169699,72019,3856287,2326253,1530034,12,5,2387767
2017-04,2281420,2344812,176616,74055,3821697,2281420,1540277,45,24,2344767
2017-05,2225769,2288936,178630,72954,3774412,2225769,1548643,56,44,2288880
2017-06,2206547,2269683,181324,72881,3762780,2206547,1556234,95,80,2269588
2017-07,2233323,2296929,184242,73572,3795430,2233323,1562107,166,154,2296763
2017-08,2344015,2407173,183249,74404,3910022,2344015,1566007,220,213,2406953
2017-09,2295735,2357875,184248,73049,3874490,2295735,1578756,224,214,2357651
2017-10,2245701,2310902,182074,76488,3829910,2245701,1584208,151,146,2310751
2017-11,2314455,2378282,186968,74577,3907735,2314455,1593280,65,54,2378217
2017-12,2244274,2309823,189269,76630,3850969,2244274,1606695,75,33,2309747
2018-01,2214601,2281018,193209,77207,3824795,2214601,1610195,58,7,2280960
2018-02,2238775,2305256,190487,78788,3855056,2238775,1616281,20,14,2305236
2018-03,2167009,2230875,184151,75300,3800608,2167009,1633598,16,12,2230859
2018-04,2086192,2151047,191270,75670,3727119,2086192,1640927,51,35,2150996
2018-05,2022453,2086577,192267,73929,3674755,2022453,1652301,94,69,2086483
2018-06,1988224,2052749,190028,74661,3650485,1988224,1662261,143,126,2052605
2018-07,1949820,2014613,190529,75448,3618272,1949820,1668452,224,203,2014388
2018-08,1911165,1976094,188549,76485,3584450,1911165,1673285,261,243,1975833
2018-09,1873866,1938011,190901,74945,3559828,1873866,1685962,290,252,1937721
2018-10,1830017,1895798,189602,75871,3520863,1830017,1690846,209,189,1895589
2018-11,1775291,1840828,192074,76556,3476330,1775291,1701039,97,86,1840731
2018-12,1691394,1759856,192165,80801,3400747,1691394,1709353,76,58,1759780
2019-01,1639030,1707256,199356,80376,3346879,1639030,1707849,26,6,1707230
2019-02,1645233,1713683,193579,81286,3353467,1645233,1708234,19,12,1713664
2019-03,1661297,1725938,193064,76804,3381465,1661297,1720168,15,8,1725923